DROP DATABASE IF EXISTS SUPERMERCADO;
CREATE DATABASE SUPERMERCADO;
USE SUPERMERCADO;

CREATE TABLE categoria (
    idcategoria int primary key,
    nombre varchar(255)
);

CREATE TABLE producto (
    idproducto int primary key,
    nombre varchar(150),
    idcategoria int,
    medida varchar(100),
    precio int,
    stock int,
    foreign key (idcategoria) references categoria(idcategoria)
);

CREATE TABLE cliente (
    idcliente char(5) primary key,
    cia varchar(150),
    contacto varchar(100),
    cargo varchar(150),
    direccion varchar(200)
);

CREATE TABLE pedido (
    idpedido int primary key,
    idcliente char(5),
    fechapedido datetime,
    fechaentrega datetime,
    foreign key (idcliente) references cliente(idcliente)
);

CREATE TABLE detalle (
    idpedido int,
    idproducto int,
    precio float,
    unidades int,
    descuento float,
    foreign key (idpedido) references pedido(idpedido),
    foreign key (idproducto) references producto(idproducto)
);

START TRANSACTION;
INSERT INTO categoria VALUES (1, 'Bebidas');
INSERT INTO categoria VALUES (2, 'Condimentos');
INSERT INTO categoria VALUES (3, 'Repostería');
INSERT INTO categoria VALUES (4, 'Lácteos');
INSERT INTO categoria VALUES (5, 'Granos/Cereales');
INSERT INTO categoria VALUES (6, 'Carnes');
INSERT INTO categoria VALUES (7, 'Frutas/Verduras');
INSERT INTO categoria VALUES (8, 'Pescado/Marisco');

INSERT INTO producto VALUES (1, 'Té Dharamsala', 1, '10 cajas x 20 bolsas', 18, 39);
INSERT INTO producto VALUES (2, 'Cerveza tibetana Barley', 1, '24 - bot. 12 l', 19, 17);
INSERT INTO producto VALUES (3, 'Sirope de regaliz', 2, '12 - bot. 550 ml', 10, 13);
INSERT INTO producto VALUES (4, 'Especias Cajun del chef Anton', 2, '48 - frascos 6 l', 22, 53);
INSERT INTO producto VALUES (5, 'Mezcla Gumbo del chef Anton', 2, '36 cajas', 21.35, 0);
INSERT INTO producto VALUES (6, 'Mermelada de grosellas de la abuela', 2, '12 - frascos 8 l', 25, 120);
INSERT INTO producto VALUES (7, 'Peras secas orgánicas del tío Bob', 7, '12 - paq. 1 kg', 30, 15);
INSERT INTO producto VALUES (8, 'Salsa de arándanos Northwoods', 2, '12 - frascos 12 l', 40, 6);
INSERT INTO producto VALUES (9, 'Buey Mishi Kobe', 6, '18 - paq. 500 g', 97, 29);
INSERT INTO producto VALUES (10, 'Pez espada', 8, '12 - frascos 200 ml', 31, 31);
INSERT INTO producto VALUES (11, 'Queso Cabrales', 4, 'paq. 1 kg', 21, 22);
INSERT INTO producto VALUES (12, 'Queso Manchego La Pastora', 4, '10 - paq. 500 g', 38, 86);
INSERT INTO producto VALUES (13, 'Algas Konbu', 8, 'caja 2 kg', 6, 24);
INSERT INTO producto VALUES (14, 'Cuajada de judías', 7, '40 - paq. 100 g', 23.25, 35);
INSERT INTO producto VALUES (15, 'Salsa de soja baja en sodio', 2, '24 - bot. 250 ml', 15.5, 39);
INSERT INTO producto VALUES (16, 'Postre de merengue Pavlova', 3, '32 - cajas 500 g', 17.45, 29);
INSERT INTO producto VALUES (17, 'Cordero Alice Springs', 6, '20 - latas 1 kg', 39, 0);
INSERT INTO producto VALUES (18, 'Langostinos tigre Carnarvon', 8, 'paq. 16 kg', 62.5, 42);
INSERT INTO producto VALUES (19, 'Pastas de té de chocolate', 3, '10 cajas x 12 piezas', 9.2, 25);
INSERT INTO producto VALUES (20, 'Mermelada de Sir Rodney''s', 3, '30 cajas regalo', 81, 40);
INSERT INTO producto VALUES (21, 'Bollos de Sir Rodney''s', 3, '24 paq. x 4 piezas', 10, 3);
INSERT INTO producto VALUES (22, 'Pan de centeno crujiente estilo Gustaf''s', 5, '24 - paq. 500 g', 21, 104);
INSERT INTO producto VALUES (23, 'Pan fino', 5, '12 - paq. 250 g', 9, 61);
INSERT INTO producto VALUES (24, 'Refresco Guaraná Fantástica', 1, '12 - latas 355 ml', 4.5, 20);
INSERT INTO producto VALUES (25, 'Crema de chocolate y nueces NuNuCa', 3, '20 - vasos  450 g', 14, 76);
INSERT INTO producto VALUES (26, 'Ositos de goma Gumbär', 3, '100 - bolsas 250 g', 31.23, 15);
INSERT INTO producto VALUES (27, 'Chocolate Schoggi', 3, '100 - piezas 100 g', 43.9, 49);
INSERT INTO producto VALUES (28, 'Col fermentada Rössle', 7, '25 - latas 825 g', 45.6, 26);
INSERT INTO producto VALUES (29, 'Salchicha Thüringer', 6, '50 bolsas x 30 salch', 123.79, 0);
INSERT INTO producto VALUES (30, 'Arenque blanco del noroeste', 8, '10 - vasos 200 g', 25.89, 10);
INSERT INTO producto VALUES (31, 'Queso gorgonzola Telino', 4, '12 - paq. 100 g', 12.5, 0);
INSERT INTO producto VALUES (32, 'Queso Mascarpone Fabioli', 4, '24 - paq. 200 g', 32, 9);
INSERT INTO producto VALUES (33, 'Queso de cabra', 4, '500 g', 2.5, 112);
INSERT INTO producto VALUES (34, 'Cerveza Sasquatch', 1, '24 - bot. 12 l', 14, 111);
INSERT INTO producto VALUES (35, 'Cerveza negra Steeleye', 1, '24 - bot. 12 l', 18, 20);
INSERT INTO producto VALUES (36, 'Escabeche de arenque', 8, '24 - frascos 250 g', 19, 112);
INSERT INTO producto VALUES (37, 'Salmón ahumado Gravad', 8, '12 - paq. 500 g', 26, 11);
INSERT INTO producto VALUES (38, 'Vino Côte de Blaye', 1, '12 - bot. 75 cl', 263.5, 17);
INSERT INTO producto VALUES (39, 'Licor verde Chartreuse', 1, '750 cc por bot.', 18, 69);
INSERT INTO producto VALUES (40, 'Carne de cangrejo de Boston', 8, '24 - latas 4 l', 18.4, 123);
INSERT INTO producto VALUES (41, 'Crema de almejas estilo Nueva Inglaterra', 8, '12 - latas 12 l', 9.65, 85);
INSERT INTO producto VALUES (42, 'Tallarines de Singapur', 5, '32 - 1 kg paq.', 14, 26);
INSERT INTO producto VALUES (43, 'Café de Malasia', 1, '16 - latas 500 g', 46, 17);
INSERT INTO producto VALUES (44, 'Azúcar negra Malacca', 2, '20 - bolsas 2 kg', 19.45, 27);
INSERT INTO producto VALUES (45, 'Arenque ahumado', 8, 'paq. 1k', 9.5, 5);
INSERT INTO producto VALUES (46, 'Arenque salado', 8, '4 - vasos 450 g', 12, 95);
INSERT INTO producto VALUES (47, 'Galletas Zaanse', 3, '10 - cajas 4 l', 9.5, 36);
INSERT INTO producto VALUES (48, 'Chocolate holandés', 3, '10 paq.', 12.75, 15);
INSERT INTO producto VALUES (49, 'Regaliz', 3, '24 - paq. 50 g', 20, 10);
INSERT INTO producto VALUES (50, 'Chocolate blanco', 3, '12 - barras 100 g', 16.25, 65);
INSERT INTO producto VALUES (51, 'Manzanas secas Manjimup', 7, '50 - paq. 300 g', 53, 20);
INSERT INTO producto VALUES (52, 'Cereales para Filo', 5, '16 - cajas 2 kg', 7, 38);
INSERT INTO producto VALUES (53, 'Empanada de carne', 6, '48 porc.', 32.8, 0);
INSERT INTO producto VALUES (54, 'Empanada de cerdo', 6, '16 tartas', 7.45, 21);
INSERT INTO producto VALUES (55, 'Paté chino', 6, '24 cajas x 2 tartas', 24, 115);
INSERT INTO producto VALUES (56, 'Gnocchi de la abuela Alicia', 5, '24 - paq. 250 g', 38, 21);
INSERT INTO producto VALUES (57, 'Raviolis Angelo', 5, '24 - paq. 250 g', 19.5, 36);
INSERT INTO producto VALUES (58, 'Caracoles de Borgoña', 8, '24 porc.', 13.25, 62);
INSERT INTO producto VALUES (59, 'Raclet de queso Courdavault', 4, 'paq. 5 kg', 55, 79);
INSERT INTO producto VALUES (60, 'Camembert Pierrot', 4, '15 - paq. 300 g', 34, 19);
INSERT INTO producto VALUES (61, 'Sirope de arce', 2, '24 - bot. 500 ml', 28.5, 113);
INSERT INTO producto VALUES (62, 'Tarta de azúcar', 3, '48 tartas', 49.3, 17);
INSERT INTO producto VALUES (63, 'Sandwich de vegetales', 2, '15 - frascos 625 g', 43.9, 24);
INSERT INTO producto VALUES (64, 'Bollos de pan de Wimmer', 5, '20 bolsas x 4 porc.', 33.25, 22);
INSERT INTO producto VALUES (65, 'Salsa de pimiento picante de Luisiana', 2, '32 - bot. 8 l', 21.05, 76);
INSERT INTO producto VALUES (66, 'Especias picantes de Luisiana', 2, '24 - frascos 8 l', 17, 4);
INSERT INTO producto VALUES (67, 'Cerveza Laughing Lumberjack', 1, '24 - bot. 12 l', 14, 52);
INSERT INTO producto VALUES (68, 'Barras de pan de Escocia', 3, '10 cajas x 8 porc.', 12.5, 6);
INSERT INTO producto VALUES (69, 'Queso Gudbrandsdals', 4, 'paq. 10 kg', 36, 26);
INSERT INTO producto VALUES (70, 'Cerveza Outback', 1, '24 - bot. 355 ml', 15, 15);
INSERT INTO producto VALUES (71, 'Crema de queso Fløtemys', 4, '10 - paq. 500 g', 21.5, 26);
INSERT INTO producto VALUES (72, 'Queso Mozzarella Giovanni', 4, '24 - paq. 200 g', 34.8, 14);
INSERT INTO producto VALUES (73, 'Caviar rojo', 8, '24 - frascos150 g', 15, 101);
INSERT INTO producto VALUES (74, 'Queso de soja Longlife', 7, 'paq. 5 kg', 10, 4);
INSERT INTO producto VALUES (75, 'Cerveza Klosterbier Rhönbräu', 1, '24 - bot. 0.5 l', 7.75, 125);
INSERT INTO producto VALUES (76, 'Licor Cloudberry', 1, '500 ml', 18, 57);
INSERT INTO producto VALUES (77, 'Salsa verde original Frankfurter', 2, '12 cajas', 13, 32);


INSERT INTO cliente VALUES ('ALFKI', 'Alfreds Futterkiste', 'Maria Anders', 'Representante de ventas', 'Obere Str. 57');
INSERT INTO cliente VALUES ('ANATR', 'Ana Trujillo Emparedados y helados', 'Ana Trujillo', 'Propietario', 'Avda. de la Constitución 2222');
INSERT INTO cliente VALUES ('ANTON', 'Antonio Moreno Taquería', 'Antonio Moreno', 'Propietario', 'Mataderos  2312');
INSERT INTO cliente VALUES ('AROUT', 'Around the Horn', 'Thomas Hardy', 'Representante de ventas', '120 Hanover Sq.');
INSERT INTO cliente VALUES ('BERGS', 'Berglunds snabbköp', 'Christina Berglund', 'Administrador de pedidos', 'Berguvsvägen  8');
INSERT INTO cliente VALUES ('BLAUS', 'Blauer See Delikatessen', 'Hanna Moos', 'Representante de ventas', 'Forsterstr. 57');
INSERT INTO cliente VALUES ('BLONP', 'Blondel père et fils', 'Frédérique Citeaux', 'Gerente de marketing', '24, place Kléber');
INSERT INTO cliente VALUES ('BOLID', 'Bólido Comidas preparadas', 'Martín Sommer', 'Propietario', 'C/ Araquil, 67');
INSERT INTO cliente VALUES ('BONAP', 'Bon app', 'Laurence Lebihan', 'Propietario', '12, rue des Bouchers');
INSERT INTO cliente VALUES ('BOTTM', 'Bottom-Dollar Markets', 'Elizabeth Lincoln', 'Gerente de contabilidad', '23 Tsawassen Blvd.');
INSERT INTO cliente VALUES ('BSBEV', 'Bs Beverages', 'Victoria Ashworth', 'Representante de ventas', 'Fauntleroy Circus');
INSERT INTO cliente VALUES ('CACTU', 'Cactus Comidas para llevar', 'Patricio Simpson', 'Agente de ventas', 'Cerrito 333');
INSERT INTO cliente VALUES ('CENTC', 'Centro comercial Moctezuma', 'Francisco Chang', 'Gerente de marketing', 'Sierras de Granada 9993');
INSERT INTO cliente VALUES ('CHOPS', 'Chop-suey Chinese', 'Yang Wang', 'Propietario', 'Hauptstr. 29');
INSERT INTO cliente VALUES ('COMMI', 'Comércio Mineiro', 'Pedro Afonso', 'Asistente de ventas', 'Av. dos Lusíadas, 23');
INSERT INTO cliente VALUES ('CONSH', 'Consolidated Holdings', 'Elizabeth Brown', 'Representante de ventas', 'Berkeley Gardens 12  Brewery');
INSERT INTO cliente VALUES ('DRACD', 'Drachenblut Delikatessen', 'Sven Ottlieb', 'Administrador de pedidos', 'Walserweg 21');
INSERT INTO cliente VALUES ('DUMON', 'Du monde entier', 'Janine Labrune', 'Propietario', '67, rue des Cinquante Otages');
INSERT INTO cliente VALUES ('EASTC', 'Eastern Connection', 'Ann Devon', 'Agente de ventas', '35 King George');
INSERT INTO cliente VALUES ('ERNSH', 'Ernst Handel', 'Roland Mendel', 'Gerente de ventas', 'Kirchgasse 6');
INSERT INTO cliente VALUES ('FAMIA', 'Familia Arquibaldo', 'Aria Cruz', 'Asistente de marketing', 'Rua Orós, 92');
INSERT INTO cliente VALUES ('FISSA', 'FISSA Fabrica Inter. Salchichas S.A.', 'Diego Roel', 'Gerente de contabilidad', 'C/ Moralzarzal, 86');
INSERT INTO cliente VALUES ('FOLIG', 'Folies gourmandes', 'Martine Rancé', 'Asistente de agente de ventas', '184, chaussée de Tournai');
INSERT INTO cliente VALUES ('FOLKO', 'Folk och fä HB', 'Maria Larsson', 'Propietario', 'Åkergatan 24');
INSERT INTO cliente VALUES ('FRANK', 'Frankenversand', 'Peter Franken', 'Gerente de marketing', 'Berliner Platz 43');
INSERT INTO cliente VALUES ('FRANR', 'France restauration', 'Carine Schmitt', 'Gerente de marketing', '54, rue Royale');
INSERT INTO cliente VALUES ('FRANS', 'Franchi S.p.A.', 'Paolo Accorti', 'Representante de ventas', 'Via Monte Bianco 34');
INSERT INTO cliente VALUES ('FURIB', 'Furia Bacalhau e Frutos do Mar', 'Lino Rodriguez', 'Gerente de ventas', 'Jardim das rosas n. 32');
INSERT INTO cliente VALUES ('GALED', 'Galería del gastrónomo', 'Eduardo Saavedra', 'Gerente de marketing', 'Rambla de Cataluña, 23');
INSERT INTO cliente VALUES ('GODOS', 'Godos Cocina Típica', 'José Pedro Freyre', 'Gerente de ventas', 'C/ Romero, 33');
INSERT INTO cliente VALUES ('GOURL', 'Gourmet Lanchonetes', 'André Fonseca', 'Asistente de ventas', 'Av. Brasil, 442');
INSERT INTO cliente VALUES ('GREAL', 'Great Lakes Food Market', 'Howard Snyder', 'Gerente de marketing', '2732 Baker Blvd.');
INSERT INTO cliente VALUES ('GROSR', 'GROSELLA-Restaurante', 'Manuel Pereira', 'Propietario', '5ª Ave. Los Palos Grandes');
INSERT INTO cliente VALUES ('HANAR', 'Hanari Carnes', 'Mario Pontes', 'Gerente de contabilidad', 'Rua do Paço, 67');
INSERT INTO cliente VALUES ('HILAA', 'HILARIÓN-Abastos', 'Carlos Hernández', 'Representante de ventas', 'Carrera 22 con Ave. Carlos Soublette #8-35');
INSERT INTO cliente VALUES ('HUNGC', 'Hungry Coyote Import Store', 'Yoshi Latimer', 'Representante de ventas', 'City Center Plaza 516 Main St.');
INSERT INTO cliente VALUES ('HUNGO', 'Hungry Owl All-Night Grocers', 'Patricia McKenna', 'Asistente de ventas', '8 Johnstown Road');
INSERT INTO cliente VALUES ('ISLAT', 'Island Trading', 'Helen Bennett', 'Gerente de marketing', 'Garden House Crowther Way');
INSERT INTO cliente VALUES ('KOENE', 'Königlich Essen', 'Philip Cramer', 'Asistente de ventas', 'Maubelstr. 90');
INSERT INTO cliente VALUES ('LACOR', 'La corne dabondance', 'Daniel Tonini', 'Representante de ventas', '67, avenue de lEurope');
INSERT INTO cliente VALUES ('LAMAI', 'La maison dAsie', 'Annette Roulet', 'Gerente de ventas', '1 rue Alsace-Lorraine');
INSERT INTO cliente VALUES ('LAUGB', 'Laughing Bacchus Wine Cellars', 'Yoshi Tannamuri', 'Asistente de marketing', '1900 Oak St.');
INSERT INTO cliente VALUES ('LAZYK', 'Lazy K Kountry Store', 'John Steel', 'Gerente de marketing', '12 Orchestra Terrace');
INSERT INTO cliente VALUES ('LEHMS', 'Lehmanns Marktstand', 'Renate Messner', 'Representante de ventas', 'Magazinweg 7');
INSERT INTO cliente VALUES ('LETSS', 'Lets Stop N Shop', 'Jaime Yorres', 'Propietario', '87 Polk St. Suite 5');
INSERT INTO cliente VALUES ('LILAS', 'LILA-Supermercado', 'Carlos González', 'Gerente de contabilidad', 'Carrera 52 con Ave. Bolívar #65-98 Llano Largo');
INSERT INTO cliente VALUES ('LINOD', 'LINO-Delicateses', 'Felipe Izquierdo', 'Propietario', 'Ave. 5 de Mayo Porlamar');
INSERT INTO cliente VALUES ('LONEP', 'Lonesome Pine Restaurant', 'Fran Wilson', 'Gerente de ventas', '89 Chiaroscuro Rd.');
INSERT INTO cliente VALUES ('MAGAA', 'Magazzini Alimentari Riuniti', 'Giovanni Rovelli', 'Gerente de marketing', 'Via Ludovico il Moro 22');
INSERT INTO cliente VALUES ('MAISD', 'Maison Dewey', 'Catherine Dewey', 'Agente de ventas', 'Rue Joseph-Bens 532');
INSERT INTO cliente VALUES ('MEREP', 'Mère Paillarde', 'Jean Fresnière', 'Asistente de marketing', '43 rue St. Laurent');
INSERT INTO cliente VALUES ('MORGK', 'Morgenstern Gesundkost', 'Alexander Feuer', 'Asistente de marketing', 'Heerstr. 22');
INSERT INTO cliente VALUES ('NORTS', 'North/South', 'Simon Crowther', 'Asistente de ventas', 'South House 300 Queensbridge');
INSERT INTO cliente VALUES ('OCEAN', 'Océano Atlántico Ltda.', 'Yvonne Moncada', 'Agente de ventas', 'Ing. Gustavo Moncada 8585 Piso 20-A');
INSERT INTO cliente VALUES ('OLDWO', 'Old World Delicatessen', 'Rene Phillips', 'Representante de ventas', '2743 Bering St.');
INSERT INTO cliente VALUES ('OTTIK', 'Ottilies Käseladen', 'Henriette Pfalzheim', 'Propietario', 'Mehrheimerstr. 369');
INSERT INTO cliente VALUES ('PARIS', 'Paris spécialités', 'Marie Bertrand', 'Propietario', '265, boulevard Charonne');
INSERT INTO cliente VALUES ('PERIC', 'Pericles Comidas clásicas', 'Guillermo Fernández', 'Representante de ventas', 'Calle Dr. Jorge Cash 321');
INSERT INTO cliente VALUES ('PICCO', 'Piccolo und mehr', 'Georg Pipps', 'Gerente de marketing', 'Geislweg 14');
INSERT INTO cliente VALUES ('PRINI', 'Princesa Isabel Vinhos', 'Isabel de Castro', 'Propietario', 'Estrada da saúde n. 58');
INSERT INTO cliente VALUES ('QUEDE', 'Que Delícia', 'Bernardo Batista', 'Representante de ventas', 'Rua da Panificadora, 12');
INSERT INTO cliente VALUES ('QUEEN', 'Queen Cozinha', 'Lúcia Carvalho', 'Propietario', 'Alameda dos Canários, 891');
INSERT INTO cliente VALUES ('QUICK', 'QUICK-Stop', 'Horst Kloss', 'Propietario', 'Taucherstraße 10');
INSERT INTO cliente VALUES ('RANCH', 'Rancho grande', 'Sergio Gutiérrez', 'Representante de ventas', 'Av. del Libertador 900');
INSERT INTO cliente VALUES ('RATTC', 'Rattlesnake Canyon Grocery', 'Paula Wilson', 'Gerente de ventas', '2817 Milton Dr.');
INSERT INTO cliente VALUES ('REGGC', 'Reggiani Caseifici', 'Maurizio Moroni', 'Gerente de marketing', 'Strada Provinciale 124');
INSERT INTO cliente VALUES ('RICAR', 'Ricardo Adocicados', 'Janete Limeira', 'Gerente de contabilidad', 'Av. Copacabana, 267');
INSERT INTO cliente VALUES ('RICSU', 'Richter Supermarkt', 'Michael Holz', 'Gerente de ventas', 'Grenzacherweg 237');
INSERT INTO cliente VALUES ('ROMEY', 'Romero y tomillo', 'Alejandra Camino', 'Asistente de ventas', 'Gran Vía, 1');
INSERT INTO cliente VALUES ('SANTG', 'Santé Gourmet', 'Jonas Bergulfsen', 'Propietario', 'Erling Skakkes gate 78');
INSERT INTO cliente VALUES ('SAVEA', 'Save-a-lot Markets', 'Jose Pavarotti', 'Gerente de ventas', '187 Suffolk Ln.');
INSERT INTO cliente VALUES ('SEVES', 'Seven Seas Imports', 'Hari Kumar', 'Gerente de marketing', '90 Wadhurst Rd.');
INSERT INTO cliente VALUES ('SIMOB', 'Simons bistro', 'Jytte Petersen', 'Propietario', 'Vinbæltet 34');
INSERT INTO cliente VALUES ('SPECD', 'Spécialités du monde', 'Dominique Perrier', 'Director de marketing', '25, rue Lauriston');
INSERT INTO cliente VALUES ('SPLIR', 'Split Rail Beer & Ale', 'Art Braunschweiger', 'Gerente de ventas', 'P.O. Box 555');
INSERT INTO cliente VALUES ('SUPRD', 'Suprêmes délices', 'Pascale Cartrain', 'Gerente de ventas', 'Boulevard Tirou, 255');
INSERT INTO cliente VALUES ('THEBI', 'The Big Cheese', 'Liz Nixon', 'Gerente de ventas', '89 Jefferson Way');
INSERT INTO cliente VALUES ('THECR', 'The Cracker Box', 'Liu Wong', 'Propietario', '55 Grizzly Peak Rd.');
INSERT INTO cliente VALUES ('TOMSP', 'Toms Spezialitäten', 'Karin Josephs', 'Propietario', 'Luisenstr. 48');
INSERT INTO cliente VALUES ('TORTU', 'Tortuga Restaurante', 'Miguel Angel Paolino', 'Propietario', 'Avda. Azteca 123');
INSERT INTO cliente VALUES ('TRADH', 'Tradição Hipermercados', 'Anabela Domingues', 'Gerente de marketing', 'Av. Inês de Castro, 414');
INSERT INTO cliente VALUES ('TRIDE', 'Tridente SL', 'Pepe Lopez', 'Gerente de ventas', 'Av. Universidad, 67');
INSERT INTO cliente VALUES ('VAFFE', 'Vaffeljernet', 'Palle Ibsen', 'Propietario', 'Smagsløget 45');
INSERT INTO cliente VALUES ('VICTE', 'Victuailles en stock', 'Mary Saveley', 'Propietario', '2, rue du Commerce');
INSERT INTO cliente VALUES ('VINET', 'Vins et alcools Chevalier', 'Paul Henriot', 'Gerente de ventas', '59 rue de lAbbaye');
INSERT INTO cliente VALUES ('WANDK', 'Die Wandernde Kuh', 'Rita Müller', 'Gerente de ventas', 'Adenauerallee 900');
INSERT INTO cliente VALUES ('WARTH', 'Wartian Herkku', 'Pirkko Koskitalo', 'Gerente de contabilidad', 'Torikatu 38');
INSERT INTO cliente VALUES ('WELLI', 'Wellington Importadora', 'Paula Parente', 'Gerente de ventas', 'Rua do Mercado, 12');
INSERT INTO cliente VALUES ('WHITC', 'White Clover Markets', 'Karl Jablonski', 'Propietario', '305 - 14th Ave. S.');
INSERT INTO cliente VALUES ('WILMK', 'Wilman Kala', 'Matti Karttunen', 'Propietario', 'Keskuskatu 45');
INSERT INTO cliente VALUES ('WOLZA', 'Wolski Zajazd', 'Zbyszek Piestrzeniewicz', 'Propietario', 'ul. Filtrowa 68');




INSERT INTO pedido VALUES (10248, 'WILMK', '2019-04-30 00:00:00', '2019-05-28 00:00:00');
INSERT INTO pedido VALUES (10249, 'TOMSP', '2019-05-01 00:00:00', '2019-06-12 00:00:00');
INSERT INTO pedido VALUES (10250, 'HANAR', '2019-05-04 00:00:00', '2019-06-01 00:00:00');
INSERT INTO pedido VALUES (10251, 'VICTE', '2019-05-04 00:00:00', '2019-06-01 00:00:00');
INSERT INTO pedido VALUES (10252, 'SUPRD', '2019-05-05 00:00:00', '2019-06-02 00:00:00');
INSERT INTO pedido VALUES (10253, 'HANAR', '2019-05-06 00:00:00', '2019-05-20 00:00:00');
INSERT INTO pedido VALUES (10254, 'CHOPS', '2019-05-07 00:00:00', '2019-06-04 00:00:00');
INSERT INTO pedido VALUES (10255, 'RICSU', '2019-05-08 00:00:00', '2019-06-05 00:00:00');
INSERT INTO pedido VALUES (10256, 'WELLI', '2019-05-11 00:00:00', '2019-06-08 00:00:00');
INSERT INTO pedido VALUES (10257, 'HILAA', '2019-05-12 00:00:00', '2019-06-09 00:00:00');
INSERT INTO pedido VALUES (10258, 'ERNSH', '2019-05-13 00:00:00', '2019-06-10 00:00:00');
INSERT INTO pedido VALUES (10259, 'CENTC', '2019-05-14 00:00:00', '2019-06-11 00:00:00');
INSERT INTO pedido VALUES (10260, 'OTTIK', '2019-05-15 00:00:00', '2019-06-12 00:00:00');
INSERT INTO pedido VALUES (10261, 'QUEDE', '2019-05-15 00:00:00', '2019-06-12 00:00:00');
INSERT INTO pedido VALUES (10262, 'RATTC', '2019-05-18 00:00:00', '2019-06-15 00:00:00');
INSERT INTO pedido VALUES (10263, 'ERNSH', '2019-05-19 00:00:00', '2019-06-16 00:00:00');
INSERT INTO pedido VALUES (10264, 'FOLKO', '2019-05-20 00:00:00', '2019-06-17 00:00:00');
INSERT INTO pedido VALUES (10265, 'BLONP', '2019-05-21 00:00:00', '2019-06-18 00:00:00');
INSERT INTO pedido VALUES (10266, 'WARTH', '2019-05-22 00:00:00', '2019-07-03 00:00:00');
INSERT INTO pedido VALUES (10267, 'FRANK', '2019-05-25 00:00:00', '2019-06-22 00:00:00');
INSERT INTO pedido VALUES (10268, 'GROSR', '2019-05-26 00:00:00', '2019-06-23 00:00:00');
INSERT INTO pedido VALUES (10269, 'WHITC', '2019-05-27 00:00:00', '2019-06-10 00:00:00');
INSERT INTO pedido VALUES (10270, 'WARTH', '2019-05-28 00:00:00', '2019-06-25 00:00:00');
INSERT INTO pedido VALUES (10271, 'SPLIR', '2019-05-28 00:00:00', '2019-06-25 00:00:00');
INSERT INTO pedido VALUES (10272, 'RATTC', '2019-05-29 00:00:00', '2019-06-26 00:00:00');
INSERT INTO pedido VALUES (10273, 'QUICK', '2019-06-01 00:00:00', '2019-06-29 00:00:00');
INSERT INTO pedido VALUES (10274, 'VINET', '2019-06-02 00:00:00', '2019-06-30 00:00:00');
INSERT INTO pedido VALUES (10275, 'MAGAA', '2019-06-03 00:00:00', '2019-07-01 00:00:00');
INSERT INTO pedido VALUES (10276, 'TORTU', '2019-06-04 00:00:00', '2019-06-18 00:00:00');
INSERT INTO pedido VALUES (10277, 'MORGK', '2019-06-05 00:00:00', '2019-07-03 00:00:00');
INSERT INTO pedido VALUES (10278, 'BERGS', '2019-06-08 00:00:00', '2019-07-06 00:00:00');
INSERT INTO pedido VALUES (10279, 'LEHMS', '2019-06-09 00:00:00', '2019-07-07 00:00:00');
INSERT INTO pedido VALUES (10280, 'BERGS', '2019-06-10 00:00:00', '2019-07-08 00:00:00');
INSERT INTO pedido VALUES (10281, 'ROMEY', '2019-06-10 00:00:00', '2019-06-24 00:00:00');
INSERT INTO pedido VALUES (10282, 'ROMEY', '2019-06-11 00:00:00', '2019-07-09 00:00:00');
INSERT INTO pedido VALUES (10283, 'LILAS', '2019-06-12 00:00:00', '2019-07-10 00:00:00');
INSERT INTO pedido VALUES (10284, 'LEHMS', '2019-06-15 00:00:00', '2019-07-13 00:00:00');
INSERT INTO pedido VALUES (10285, 'QUICK', '2019-06-16 00:00:00', '2019-07-14 00:00:00');
INSERT INTO pedido VALUES (10286, 'QUICK', '2019-06-17 00:00:00', '2019-07-15 00:00:00');
INSERT INTO pedido VALUES (10287, 'RICAR', '2019-06-18 00:00:00', '2019-07-16 00:00:00');
INSERT INTO pedido VALUES (10288, 'REGGC', '2019-06-19 00:00:00', '2019-07-17 00:00:00');
INSERT INTO pedido VALUES (10289, 'BSBEV', '2019-06-22 00:00:00', '2019-07-20 00:00:00');
INSERT INTO pedido VALUES (10290, 'COMMI', '2019-06-23 00:00:00', '2019-07-21 00:00:00');
INSERT INTO pedido VALUES (10291, 'QUEDE', '2019-06-23 00:00:00', '2019-07-21 00:00:00');
INSERT INTO pedido VALUES (10292, 'TRADH', '2019-06-24 00:00:00', '2019-07-22 00:00:00');
INSERT INTO pedido VALUES (10293, 'TORTU', '2019-06-25 00:00:00', '2019-07-23 00:00:00');
INSERT INTO pedido VALUES (10294, 'RATTC', '2019-06-26 00:00:00', '2019-07-24 00:00:00');
INSERT INTO pedido VALUES (10295, 'VINET', '2019-06-29 00:00:00', '2019-07-27 00:00:00');
INSERT INTO pedido VALUES (10296, 'LILAS', '2019-06-30 00:00:00', '2019-07-28 00:00:00');
INSERT INTO pedido VALUES (10297, 'BLONP', '2019-07-01 00:00:00', '2019-08-12 00:00:00');
INSERT INTO pedido VALUES (10298, 'HUNGO', '2019-07-02 00:00:00', '2019-07-30 00:00:00');
INSERT INTO pedido VALUES (10299, 'RICAR', '2019-07-03 00:00:00', '2019-07-31 00:00:00');
INSERT INTO pedido VALUES (10300, 'MAGAA', '2019-07-06 00:00:00', '2019-08-03 00:00:00');
INSERT INTO pedido VALUES (10301, 'WANDK', '2019-07-06 00:00:00', '2019-08-03 00:00:00');
INSERT INTO pedido VALUES (10302, 'SUPRD', '2019-07-07 00:00:00', '2019-08-04 00:00:00');
INSERT INTO pedido VALUES (10303, 'GODOS', '2019-07-08 00:00:00', '2019-08-05 00:00:00');
INSERT INTO pedido VALUES (10304, 'TORTU', '2019-07-09 00:00:00', '2019-08-06 00:00:00');
INSERT INTO pedido VALUES (10305, 'OLDWO', '2019-07-10 00:00:00', '2019-08-07 00:00:00');
INSERT INTO pedido VALUES (10306, 'ROMEY', '2019-07-13 00:00:00', '2019-08-10 00:00:00');
INSERT INTO pedido VALUES (10307, 'LONEP', '2019-07-14 00:00:00', '2019-08-11 00:00:00');
INSERT INTO pedido VALUES (10308, 'ANATR', '2019-07-15 00:00:00', '2019-08-12 00:00:00');
INSERT INTO pedido VALUES (10309, 'HUNGO', '2019-07-16 00:00:00', '2019-08-13 00:00:00');
INSERT INTO pedido VALUES (10310, 'THEBI', '2019-07-17 00:00:00', '2019-08-14 00:00:00');
INSERT INTO pedido VALUES (10311, 'DUMON', '2019-07-17 00:00:00', '2019-07-31 00:00:00');
INSERT INTO pedido VALUES (10312, 'WANDK', '2019-07-20 00:00:00', '2019-08-17 00:00:00');
INSERT INTO pedido VALUES (10313, 'QUICK', '2019-07-21 00:00:00', '2019-08-18 00:00:00');
INSERT INTO pedido VALUES (10314, 'RATTC', '2019-07-22 00:00:00', '2019-08-19 00:00:00');
INSERT INTO pedido VALUES (10315, 'ISLAT', '2019-07-23 00:00:00', '2019-08-20 00:00:00');
INSERT INTO pedido VALUES (10316, 'RATTC', '2019-07-24 00:00:00', '2019-08-21 00:00:00');
INSERT INTO pedido VALUES (10317, 'LONEP', '2019-07-27 00:00:00', '2019-08-24 00:00:00');
INSERT INTO pedido VALUES (10318, 'ISLAT', '2019-07-28 00:00:00', '2019-08-25 00:00:00');
INSERT INTO pedido VALUES (10319, 'TORTU', '2019-07-29 00:00:00', '2019-08-26 00:00:00');
INSERT INTO pedido VALUES (10320, 'WARTH', '2019-07-30 00:00:00', '2019-08-13 00:00:00');
INSERT INTO pedido VALUES (10321, 'ISLAT', '2019-07-30 00:00:00', '2019-08-27 00:00:00');
INSERT INTO pedido VALUES (10322, 'PERIC', '2019-07-31 00:00:00', '2019-08-28 00:00:00');
INSERT INTO pedido VALUES (10323, 'KOENE', '2019-08-03 00:00:00', '2019-08-31 00:00:00');
INSERT INTO pedido VALUES (10324, 'SAVEA', '2019-08-04 00:00:00', '2019-09-01 00:00:00');
INSERT INTO pedido VALUES (10325, 'KOENE', '2019-08-05 00:00:00', '2019-08-19 00:00:00');
INSERT INTO pedido VALUES (10326, 'BOLID', '2019-08-06 00:00:00', '2019-09-03 00:00:00');
INSERT INTO pedido VALUES (10327, 'FOLKO', '2019-08-07 00:00:00', '2019-09-04 00:00:00');
INSERT INTO pedido VALUES (10328, 'FURIB', '2019-08-10 00:00:00', '2019-09-07 00:00:00');
INSERT INTO pedido VALUES (10329, 'SPLIR', '2019-08-11 00:00:00', '2019-09-22 00:00:00');
INSERT INTO pedido VALUES (10330, 'LILAS', '2019-08-12 00:00:00', '2019-09-09 00:00:00');
INSERT INTO pedido VALUES (10331, 'BONAP', '2019-08-12 00:00:00', '2019-09-23 00:00:00');
INSERT INTO pedido VALUES (10332, 'MEREP', '2019-08-13 00:00:00', '2019-09-24 00:00:00');
INSERT INTO pedido VALUES (10333, 'WARTH', '2019-08-14 00:00:00', '2019-09-11 00:00:00');
INSERT INTO pedido VALUES (10334, 'VICTE', '2019-08-17 00:00:00', '2019-09-14 00:00:00');
INSERT INTO pedido VALUES (10335, 'HUNGO', '2019-08-18 00:00:00', '2019-09-15 00:00:00');
INSERT INTO pedido VALUES (10336, 'PRINI', '2019-08-19 00:00:00', '2019-09-16 00:00:00');
INSERT INTO pedido VALUES (10337, 'FRANK', '2019-08-20 00:00:00', '2019-09-17 00:00:00');
INSERT INTO pedido VALUES (10338, 'OLDWO', '2019-08-21 00:00:00', '2019-09-18 00:00:00');
INSERT INTO pedido VALUES (10339, 'MEREP', '2019-08-24 00:00:00', '2019-09-21 00:00:00');
INSERT INTO pedido VALUES (10340, 'BONAP', '2019-08-25 00:00:00', '2019-09-22 00:00:00');
INSERT INTO pedido VALUES (10341, 'SIMOB', '2019-08-25 00:00:00', '2019-09-22 00:00:00');
INSERT INTO pedido VALUES (10342, 'FRANK', '2019-08-26 00:00:00', '2019-09-09 00:00:00');
INSERT INTO pedido VALUES (10343, 'LEHMS', '2019-08-27 00:00:00', '2019-09-24 00:00:00');
INSERT INTO pedido VALUES (10344, 'WHITC', '2019-08-28 00:00:00', '2019-09-25 00:00:00');
INSERT INTO pedido VALUES (10345, 'QUICK', '2019-08-31 00:00:00', '2019-09-28 00:00:00');
INSERT INTO pedido VALUES (10346, 'RATTC', '2019-09-01 00:00:00', '2019-10-13 00:00:00');
INSERT INTO pedido VALUES (10347, 'FAMIA', '2019-09-02 00:00:00', '2019-09-30 00:00:00');
INSERT INTO pedido VALUES (10348, 'WANDK', '2019-09-03 00:00:00', '2019-10-01 00:00:00');
INSERT INTO pedido VALUES (10349, 'SPLIR', '2019-09-04 00:00:00', '2019-10-02 00:00:00');
INSERT INTO pedido VALUES (10350, 'LAMAI', '2019-09-07 00:00:00', '2019-10-05 00:00:00');
INSERT INTO pedido VALUES (10351, 'ERNSH', '2019-09-07 00:00:00', '2019-10-05 00:00:00');
INSERT INTO pedido VALUES (10352, 'FURIB', '2019-09-08 00:00:00', '2019-09-22 00:00:00');
INSERT INTO pedido VALUES (10353, 'PICCO', '2019-09-09 00:00:00', '2019-10-07 00:00:00');
INSERT INTO pedido VALUES (10354, 'PERIC', '2019-09-10 00:00:00', '2019-10-08 00:00:00');
INSERT INTO pedido VALUES (10355, 'AROUT', '2019-09-11 00:00:00', '2019-10-09 00:00:00');
INSERT INTO pedido VALUES (10356, 'WANDK', '2019-09-14 00:00:00', '2019-10-12 00:00:00');
INSERT INTO pedido VALUES (10357, 'LILAS', '2019-09-15 00:00:00', '2019-10-13 00:00:00');
INSERT INTO pedido VALUES (10358, 'LAMAI', '2019-09-16 00:00:00', '2019-10-14 00:00:00');
INSERT INTO pedido VALUES (10359, 'SEVES', '2019-09-17 00:00:00', '2019-10-15 00:00:00');
INSERT INTO pedido VALUES (10360, 'BLONP', '2019-09-18 00:00:00', '2019-10-16 00:00:00');
INSERT INTO pedido VALUES (10361, 'QUICK', '2019-09-18 00:00:00', '2019-10-16 00:00:00');
INSERT INTO pedido VALUES (10362, 'BONAP', '2019-09-21 00:00:00', '2019-10-19 00:00:00');
INSERT INTO pedido VALUES (10363, 'DRACD', '2019-09-22 00:00:00', '2019-10-20 00:00:00');
INSERT INTO pedido VALUES (10364, 'EASTC', '2019-09-22 00:00:00', '2019-11-03 00:00:00');
INSERT INTO pedido VALUES (10365, 'ANTON', '2019-09-23 00:00:00', '2019-10-21 00:00:00');
INSERT INTO pedido VALUES (10366, 'GALED', '2019-09-24 00:00:00', '2019-11-05 00:00:00');
INSERT INTO pedido VALUES (10367, 'VAFFE', '2019-09-24 00:00:00', '2019-10-22 00:00:00');
INSERT INTO pedido VALUES (10368, 'ERNSH', '2019-09-25 00:00:00', '2019-10-23 00:00:00');
INSERT INTO pedido VALUES (10369, 'SPLIR', '2019-09-28 00:00:00', '2019-10-26 00:00:00');
INSERT INTO pedido VALUES (10370, 'CHOPS', '2019-09-29 00:00:00', '2019-10-27 00:00:00');
INSERT INTO pedido VALUES (10371, 'LAMAI', '2019-09-29 00:00:00', '2019-10-27 00:00:00');
INSERT INTO pedido VALUES (10372, 'QUEEN', '2019-09-30 00:00:00', '2019-10-28 00:00:00');
INSERT INTO pedido VALUES (10373, 'HUNGO', '2019-10-01 00:00:00', '2019-10-29 00:00:00');
INSERT INTO pedido VALUES (10374, 'WOLZA', '2019-10-01 00:00:00', '2019-10-29 00:00:00');
INSERT INTO pedido VALUES (10375, 'HUNGC', '2019-10-02 00:00:00', '2019-10-30 00:00:00');
INSERT INTO pedido VALUES (10376, 'MEREP', '2019-10-05 00:00:00', '2019-11-02 00:00:00');
INSERT INTO pedido VALUES (10377, 'SEVES', '2019-10-05 00:00:00', '2019-11-02 00:00:00');
INSERT INTO pedido VALUES (10378, 'FOLKO', '2019-10-06 00:00:00', '2019-11-03 00:00:00');
INSERT INTO pedido VALUES (10379, 'QUEDE', '2019-10-07 00:00:00', '2019-11-04 00:00:00');
INSERT INTO pedido VALUES (10380, 'HUNGO', '2019-10-08 00:00:00', '2019-11-05 00:00:00');
INSERT INTO pedido VALUES (10381, 'LILAS', '2019-10-08 00:00:00', '2019-11-05 00:00:00');
INSERT INTO pedido VALUES (10382, 'ERNSH', '2019-10-09 00:00:00', '2019-11-06 00:00:00');
INSERT INTO pedido VALUES (10383, 'AROUT', '2019-10-12 00:00:00', '2019-11-09 00:00:00');
INSERT INTO pedido VALUES (10384, 'BERGS', '2019-10-12 00:00:00', '2019-11-09 00:00:00');
INSERT INTO pedido VALUES (10385, 'SPLIR', '2019-10-13 00:00:00', '2019-11-10 00:00:00');
INSERT INTO pedido VALUES (10386, 'FAMIA', '2019-10-14 00:00:00', '2019-10-28 00:00:00');
INSERT INTO pedido VALUES (10387, 'SANTG', '2019-10-14 00:00:00', '2019-11-11 00:00:00');
INSERT INTO pedido VALUES (10388, 'SEVES', '2019-10-15 00:00:00', '2019-11-12 00:00:00');
INSERT INTO pedido VALUES (10389, 'BOTTM', '2019-10-16 00:00:00', '2019-11-13 00:00:00');
INSERT INTO pedido VALUES (10390, 'ERNSH', '2019-10-19 00:00:00', '2019-11-16 00:00:00');
INSERT INTO pedido VALUES (10391, 'DRACD', '2019-10-19 00:00:00', '2019-11-16 00:00:00');



INSERT INTO detalle VALUES (10248, 11, 14, 12, 0);
INSERT INTO detalle VALUES (10248, 42, 9.8, 10, 0);
INSERT INTO detalle VALUES (10248, 72, 34.8, 5, 0);
INSERT INTO detalle VALUES (10249, 14, 18.6, 9, 0);
INSERT INTO detalle VALUES (10249, 51, 42.4, 40, 0);
INSERT INTO detalle VALUES (10250, 41, 7.7, 10, 0);
INSERT INTO detalle VALUES (10250, 51, 42.4, 35, 0.15);
INSERT INTO detalle VALUES (10250, 65, 16.8, 15, 0.15);
INSERT INTO detalle VALUES (10251, 22, 16.8, 6, 0.05);
INSERT INTO detalle VALUES (10251, 57, 15.6, 15, 0.05);
INSERT INTO detalle VALUES (10251, 65, 16.8, 20, 0);
INSERT INTO detalle VALUES (10252, 20, 64.8, 40, 0.05);
INSERT INTO detalle VALUES (10252, 33, 2, 25, 0.05);
INSERT INTO detalle VALUES (10252, 60, 27.2, 40, 0);
INSERT INTO detalle VALUES (10253, 31, 10, 20, 0);
INSERT INTO detalle VALUES (10253, 39, 14.4, 42, 0);
INSERT INTO detalle VALUES (10253, 49, 16, 40, 0);
INSERT INTO detalle VALUES (10254, 24, 3.6, 15, 0.15);
INSERT INTO detalle VALUES (10254, 55, 19.2, 21, 0.15);
INSERT INTO detalle VALUES (10254, 74, 8, 21, 0);
INSERT INTO detalle VALUES (10255, 2, 15.2, 20, 0);
INSERT INTO detalle VALUES (10255, 16, 13.9, 35, 0);
INSERT INTO detalle VALUES (10255, 36, 15.2, 25, 0);
INSERT INTO detalle VALUES (10255, 59, 44, 30, 0);
INSERT INTO detalle VALUES (10256, 53, 26.2, 15, 0);
INSERT INTO detalle VALUES (10256, 77, 10.4, 12, 0);
INSERT INTO detalle VALUES (10257, 27, 35.1, 25, 0);
INSERT INTO detalle VALUES (10257, 39, 14.4, 6, 0);
INSERT INTO detalle VALUES (10257, 77, 10.4, 15, 0);
INSERT INTO detalle VALUES (10258, 2, 15.2, 50, 0.2);
INSERT INTO detalle VALUES (10258, 5, 17, 65, 0.2);
INSERT INTO detalle VALUES (10258, 32, 25.6, 6, 0.2);
INSERT INTO detalle VALUES (10259, 21, 8, 10, 0);
INSERT INTO detalle VALUES (10259, 37, 20.8, 1, 0);
INSERT INTO detalle VALUES (10260, 41, 7.7, 16, 0.25);
INSERT INTO detalle VALUES (10260, 57, 15.6, 50, 0);
INSERT INTO detalle VALUES (10260, 62, 39.4, 15, 0.25);
INSERT INTO detalle VALUES (10260, 70, 12, 21, 0.25);
INSERT INTO detalle VALUES (10261, 21, 8, 20, 0);
INSERT INTO detalle VALUES (10261, 35, 14.4, 20, 0);
INSERT INTO detalle VALUES (10262, 5, 17, 12, 0.2);
INSERT INTO detalle VALUES (10262, 7, 24, 15, 0);
INSERT INTO detalle VALUES (10262, 56, 30.4, 2, 0);
INSERT INTO detalle VALUES (10263, 16, 13.9, 60, 0.25);
INSERT INTO detalle VALUES (10263, 24, 3.6, 28, 0);
INSERT INTO detalle VALUES (10263, 30, 20.7, 60, 0.25);
INSERT INTO detalle VALUES (10263, 74, 8, 36, 0.25);
INSERT INTO detalle VALUES (10264, 2, 15.2, 35, 0);
INSERT INTO detalle VALUES (10264, 41, 7.7, 25, 0.15);
INSERT INTO detalle VALUES (10265, 17, 31.2, 30, 0);
INSERT INTO detalle VALUES (10265, 70, 12, 20, 0);
INSERT INTO detalle VALUES (10266, 12, 30.4, 12, 0.05);
INSERT INTO detalle VALUES (10267, 40, 14.7, 50, 0);
INSERT INTO detalle VALUES (10267, 59, 44, 70, 0.15);
INSERT INTO detalle VALUES (10267, 76, 14.4, 15, 0.15);
INSERT INTO detalle VALUES (10268, 29, 99, 10, 0);
INSERT INTO detalle VALUES (10268, 72, 27.8, 4, 0);
INSERT INTO detalle VALUES (10269, 33, 2, 60, 0.05);
INSERT INTO detalle VALUES (10269, 72, 27.8, 20, 0.05);
INSERT INTO detalle VALUES (10270, 36, 15.2, 30, 0);
INSERT INTO detalle VALUES (10270, 43, 36.8, 25, 0);
INSERT INTO detalle VALUES (10271, 33, 2, 24, 0);
INSERT INTO detalle VALUES (10272, 20, 64.8, 6, 0);
INSERT INTO detalle VALUES (10272, 31, 10, 40, 0);
INSERT INTO detalle VALUES (10272, 72, 27.8, 24, 0);
INSERT INTO detalle VALUES (10273, 10, 24.8, 24, 0.05);
INSERT INTO detalle VALUES (10273, 31, 10, 15, 0.05);
INSERT INTO detalle VALUES (10273, 33, 2, 20, 0);
INSERT INTO detalle VALUES (10273, 40, 14.7, 60, 0.05);
INSERT INTO detalle VALUES (10273, 76, 14.4, 33, 0.05);
INSERT INTO detalle VALUES (10274, 71, 17.2, 20, 0);
INSERT INTO detalle VALUES (10274, 72, 27.8, 7, 0);
INSERT INTO detalle VALUES (10275, 24, 3.6, 12, 0.05);
INSERT INTO detalle VALUES (10275, 59, 44, 6, 0.05);
INSERT INTO detalle VALUES (10276, 10, 24.8, 15, 0);
INSERT INTO detalle VALUES (10276, 13, 4.8, 10, 0);
INSERT INTO detalle VALUES (10277, 28, 36.4, 20, 0);
INSERT INTO detalle VALUES (10277, 62, 39.4, 12, 0);
INSERT INTO detalle VALUES (10278, 44, 15.5, 16, 0);
INSERT INTO detalle VALUES (10278, 59, 44, 15, 0);
INSERT INTO detalle VALUES (10278, 63, 35.1, 8, 0);
INSERT INTO detalle VALUES (10278, 73, 12, 25, 0);
INSERT INTO detalle VALUES (10279, 17, 31.2, 15, 0.25);
INSERT INTO detalle VALUES (10280, 24, 3.6, 12, 0);
INSERT INTO detalle VALUES (10280, 55, 19.2, 20, 0);
INSERT INTO detalle VALUES (10280, 75, 6.2, 30, 0);
INSERT INTO detalle VALUES (10281, 19, 7.3, 1, 0);
INSERT INTO detalle VALUES (10281, 24, 3.6, 6, 0);
INSERT INTO detalle VALUES (10281, 35, 14.4, 4, 0);
INSERT INTO detalle VALUES (10282, 30, 20.7, 6, 0);
INSERT INTO detalle VALUES (10282, 57, 15.6, 2, 0);
INSERT INTO detalle VALUES (10283, 15, 12.4, 20, 0);
INSERT INTO detalle VALUES (10283, 19, 7.3, 18, 0);
INSERT INTO detalle VALUES (10283, 60, 27.2, 35, 0);
INSERT INTO detalle VALUES (10283, 72, 27.8, 3, 0);
INSERT INTO detalle VALUES (10284, 27, 35.1, 15, 0.25);
INSERT INTO detalle VALUES (10284, 44, 15.5, 21, 0);
INSERT INTO detalle VALUES (10284, 60, 27.2, 20, 0.25);
INSERT INTO detalle VALUES (10284, 67, 11.2, 5, 0.25);
INSERT INTO detalle VALUES (10285, 1, 14.4, 45, 0.2);
INSERT INTO detalle VALUES (10285, 40, 14.7, 40, 0.2);
INSERT INTO detalle VALUES (10285, 53, 26.2, 36, 0.2);
INSERT INTO detalle VALUES (10286, 35, 14.4, 100, 0);
INSERT INTO detalle VALUES (10286, 62, 39.4, 40, 0);
INSERT INTO detalle VALUES (10287, 16, 13.9, 40, 0.15);
INSERT INTO detalle VALUES (10287, 34, 11.2, 20, 0);
INSERT INTO detalle VALUES (10287, 46, 9.6, 15, 0.15);
INSERT INTO detalle VALUES (10288, 54, 5.9, 10, 0.1);
INSERT INTO detalle VALUES (10288, 68, 10, 3, 0.1);
INSERT INTO detalle VALUES (10289, 3, 8, 30, 0);
INSERT INTO detalle VALUES (10289, 64, 26.6, 9, 0);
INSERT INTO detalle VALUES (10290, 5, 17, 20, 0);
INSERT INTO detalle VALUES (10290, 29, 99, 15, 0);
INSERT INTO detalle VALUES (10290, 49, 16, 15, 0);
INSERT INTO detalle VALUES (10290, 77, 10.4, 10, 0);
INSERT INTO detalle VALUES (10291, 13, 4.8, 20, 0.1);
INSERT INTO detalle VALUES (10291, 44, 15.5, 24, 0.1);
INSERT INTO detalle VALUES (10291, 51, 42.4, 2, 0.1);
INSERT INTO detalle VALUES (10292, 20, 64.8, 20, 0);
INSERT INTO detalle VALUES (10293, 18, 50, 12, 0);
INSERT INTO detalle VALUES (10293, 24, 3.6, 10, 0);
INSERT INTO detalle VALUES (10293, 63, 35.1, 5, 0);
INSERT INTO detalle VALUES (10293, 75, 6.2, 6, 0);
INSERT INTO detalle VALUES (10294, 1, 14.4, 18, 0);
INSERT INTO detalle VALUES (10294, 17, 31.2, 15, 0);
INSERT INTO detalle VALUES (10294, 43, 36.8, 15, 0);
INSERT INTO detalle VALUES (10294, 60, 27.2, 21, 0);
INSERT INTO detalle VALUES (10294, 75, 6.2, 6, 0);
INSERT INTO detalle VALUES (10295, 56, 30.4, 4, 0);
INSERT INTO detalle VALUES (10296, 11, 16.8, 12, 0);
INSERT INTO detalle VALUES (10296, 16, 13.9, 30, 0);
INSERT INTO detalle VALUES (10296, 69, 28.8, 15, 0);
INSERT INTO detalle VALUES (10297, 39, 14.4, 60, 0);
INSERT INTO detalle VALUES (10297, 72, 27.8, 20, 0);
INSERT INTO detalle VALUES (10298, 2, 15.2, 40, 0);
INSERT INTO detalle VALUES (10298, 36, 15.2, 40, 0.25);
INSERT INTO detalle VALUES (10298, 59, 44, 30, 0.25);
INSERT INTO detalle VALUES (10298, 62, 39.4, 15, 0);
INSERT INTO detalle VALUES (10299, 19, 7.3, 15, 0);
INSERT INTO detalle VALUES (10299, 70, 12, 20, 0);
INSERT INTO detalle VALUES (10300, 66, 13.6, 30, 0);
INSERT INTO detalle VALUES (10300, 68, 10, 20, 0);
INSERT INTO detalle VALUES (10301, 40, 14.7, 10, 0);
INSERT INTO detalle VALUES (10301, 56, 30.4, 20, 0);
INSERT INTO detalle VALUES (10302, 17, 31.2, 40, 0);
INSERT INTO detalle VALUES (10302, 28, 36.4, 28, 0);
INSERT INTO detalle VALUES (10302, 43, 36.8, 12, 0);
INSERT INTO detalle VALUES (10303, 40, 14.7, 40, 0.1);
INSERT INTO detalle VALUES (10303, 65, 16.8, 30, 0.1);
INSERT INTO detalle VALUES (10303, 68, 10, 15, 0.1);
INSERT INTO detalle VALUES (10304, 49, 16, 30, 0);
INSERT INTO detalle VALUES (10304, 59, 44, 10, 0);
INSERT INTO detalle VALUES (10304, 71, 17.2, 2, 0);
INSERT INTO detalle VALUES (10305, 18, 50, 25, 0.1);
INSERT INTO detalle VALUES (10305, 29, 99, 25, 0.1);
INSERT INTO detalle VALUES (10305, 39, 14.4, 30, 0.1);
INSERT INTO detalle VALUES (10306, 30, 20.7, 10, 0);
INSERT INTO detalle VALUES (10306, 53, 26.2, 10, 0);
INSERT INTO detalle VALUES (10306, 54, 5.9, 5, 0);
INSERT INTO detalle VALUES (10307, 62, 39.4, 10, 0);
INSERT INTO detalle VALUES (10307, 68, 10, 3, 0);
INSERT INTO detalle VALUES (10308, 69, 28.8, 1, 0);
INSERT INTO detalle VALUES (10308, 70, 12, 5, 0);
INSERT INTO detalle VALUES (10309, 4, 17.6, 20, 0);
INSERT INTO detalle VALUES (10309, 6, 20, 30, 0);
INSERT INTO detalle VALUES (10309, 42, 11.2, 2, 0);
INSERT INTO detalle VALUES (10309, 43, 36.8, 20, 0);
INSERT INTO detalle VALUES (10309, 71, 17.2, 3, 0);
INSERT INTO detalle VALUES (10310, 16, 13.9, 10, 0);
INSERT INTO detalle VALUES (10310, 62, 39.4, 5, 0);
INSERT INTO detalle VALUES (10311, 42, 11.2, 6, 0);
INSERT INTO detalle VALUES (10311, 69, 28.8, 7, 0);
INSERT INTO detalle VALUES (10312, 28, 36.4, 4, 0);
INSERT INTO detalle VALUES (10312, 43, 36.8, 24, 0);
INSERT INTO detalle VALUES (10312, 53, 26.2, 20, 0);
INSERT INTO detalle VALUES (10312, 75, 6.2, 10, 0);
INSERT INTO detalle VALUES (10313, 36, 15.2, 12, 0);
INSERT INTO detalle VALUES (10314, 32, 25.6, 40, 0.1);
INSERT INTO detalle VALUES (10314, 58, 10.6, 30, 0.1);
INSERT INTO detalle VALUES (10314, 62, 39.4, 25, 0.1);
INSERT INTO detalle VALUES (10315, 34, 11.2, 14, 0);
INSERT INTO detalle VALUES (10315, 70, 12, 30, 0);
INSERT INTO detalle VALUES (10316, 41, 7.7, 10, 0);
INSERT INTO detalle VALUES (10316, 62, 39.4, 70, 0);
INSERT INTO detalle VALUES (10317, 1, 14.4, 20, 0);
INSERT INTO detalle VALUES (10318, 41, 7.7, 20, 0);
INSERT INTO detalle VALUES (10318, 76, 14.4, 6, 0);
INSERT INTO detalle VALUES (10319, 17, 31.2, 8, 0);
INSERT INTO detalle VALUES (10319, 28, 36.4, 14, 0);
INSERT INTO detalle VALUES (10319, 76, 14.4, 30, 0);
INSERT INTO detalle VALUES (10320, 71, 17.2, 30, 0);
INSERT INTO detalle VALUES (10321, 35, 14.4, 10, 0);
INSERT INTO detalle VALUES (10322, 52, 5.6, 20, 0);
INSERT INTO detalle VALUES (10323, 15, 12.4, 5, 0);
INSERT INTO detalle VALUES (10323, 25, 11.2, 4, 0);
INSERT INTO detalle VALUES (10323, 39, 14.4, 4, 0);
INSERT INTO detalle VALUES (10324, 16, 13.9, 21, 0.15);
INSERT INTO detalle VALUES (10324, 35, 14.4, 70, 0.15);
INSERT INTO detalle VALUES (10324, 46, 9.6, 30, 0);
INSERT INTO detalle VALUES (10324, 59, 44, 40, 0.15);
INSERT INTO detalle VALUES (10324, 63, 35.1, 80, 0.15);
INSERT INTO detalle VALUES (10325, 6, 20, 6, 0);
INSERT INTO detalle VALUES (10325, 13, 4.8, 12, 0);
INSERT INTO detalle VALUES (10325, 14, 18.6, 9, 0);
INSERT INTO detalle VALUES (10325, 31, 10, 4, 0);
INSERT INTO detalle VALUES (10325, 72, 27.8, 40, 0);
INSERT INTO detalle VALUES (10326, 4, 17.6, 24, 0);
INSERT INTO detalle VALUES (10326, 57, 15.6, 16, 0);
INSERT INTO detalle VALUES (10326, 75, 6.2, 50, 0);
INSERT INTO detalle VALUES (10327, 2, 15.2, 25, 0.2);
INSERT INTO detalle VALUES (10327, 11, 16.8, 50, 0.2);
INSERT INTO detalle VALUES (10327, 30, 20.7, 35, 0.2);
INSERT INTO detalle VALUES (10327, 58, 10.6, 30, 0.2);
INSERT INTO detalle VALUES (10328, 59, 44, 9, 0);
INSERT INTO detalle VALUES (10328, 65, 16.8, 40, 0);
INSERT INTO detalle VALUES (10328, 68, 10, 10, 0);
INSERT INTO detalle VALUES (10329, 19, 7.3, 10, 0.05);
INSERT INTO detalle VALUES (10329, 30, 20.7, 8, 0.05);
INSERT INTO detalle VALUES (10329, 38, 210.8, 20, 0.05);
INSERT INTO detalle VALUES (10329, 56, 30.4, 12, 0.05);
INSERT INTO detalle VALUES (10330, 26, 24.9, 50, 0.15);
INSERT INTO detalle VALUES (10330, 72, 27.8, 25, 0.15);
INSERT INTO detalle VALUES (10331, 54, 5.9, 15, 0);
INSERT INTO detalle VALUES (10332, 18, 50, 40, 0.2);
INSERT INTO detalle VALUES (10332, 42, 11.2, 10, 0.2);
INSERT INTO detalle VALUES (10332, 47, 7.6, 16, 0.2);
INSERT INTO detalle VALUES (10333, 14, 18.6, 10, 0);
INSERT INTO detalle VALUES (10333, 21, 8, 10, 0.1);
INSERT INTO detalle VALUES (10333, 71, 17.2, 40, 0.1);
INSERT INTO detalle VALUES (10334, 52, 5.6, 8, 0);
INSERT INTO detalle VALUES (10334, 68, 10, 10, 0);
INSERT INTO detalle VALUES (10335, 2, 15.2, 7, 0.2);
INSERT INTO detalle VALUES (10335, 31, 10, 25, 0.2);
INSERT INTO detalle VALUES (10335, 32, 25.6, 6, 0.2);
INSERT INTO detalle VALUES (10335, 51, 42.4, 48, 0.2);
INSERT INTO detalle VALUES (10336, 4, 17.6, 18, 0.1);
INSERT INTO detalle VALUES (10337, 23, 7.2, 40, 0);
INSERT INTO detalle VALUES (10337, 26, 24.9, 24, 0);
INSERT INTO detalle VALUES (10337, 36, 15.2, 20, 0);
INSERT INTO detalle VALUES (10337, 37, 20.8, 28, 0);
INSERT INTO detalle VALUES (10337, 72, 27.8, 25, 0);
INSERT INTO detalle VALUES (10338, 17, 31.2, 20, 0);
INSERT INTO detalle VALUES (10338, 30, 20.7, 15, 0);
INSERT INTO detalle VALUES (10339, 4, 17.6, 10, 0);
INSERT INTO detalle VALUES (10339, 17, 31.2, 70, 0.05);
INSERT INTO detalle VALUES (10339, 62, 39.4, 28, 0);
INSERT INTO detalle VALUES (10340, 18, 50, 20, 0.05);
INSERT INTO detalle VALUES (10340, 41, 7.7, 12, 0.05);
INSERT INTO detalle VALUES (10340, 43, 36.8, 40, 0.05);
INSERT INTO detalle VALUES (10341, 33, 2, 8, 0);
INSERT INTO detalle VALUES (10341, 59, 44, 9, 0.15);
INSERT INTO detalle VALUES (10342, 2, 15.2, 24, 0.2);
INSERT INTO detalle VALUES (10342, 31, 10, 56, 0.2);
INSERT INTO detalle VALUES (10342, 36, 15.2, 40, 0.2);
INSERT INTO detalle VALUES (10342, 55, 19.2, 40, 0.2);
INSERT INTO detalle VALUES (10343, 64, 26.6, 50, 0);
INSERT INTO detalle VALUES (10343, 68, 10, 4, 0.05);
INSERT INTO detalle VALUES (10343, 76, 14.4, 15, 0);
INSERT INTO detalle VALUES (10344, 4, 17.6, 35, 0);
INSERT INTO detalle VALUES (10344, 8, 32, 70, 0.25);
INSERT INTO detalle VALUES (10345, 8, 32, 70, 0);
INSERT INTO detalle VALUES (10345, 19, 7.3, 80, 0);
INSERT INTO detalle VALUES (10345, 42, 11.2, 9, 0);
INSERT INTO detalle VALUES (10346, 17, 31.2, 36, 0.1);
INSERT INTO detalle VALUES (10346, 56, 30.4, 20, 0);
INSERT INTO detalle VALUES (10347, 25, 11.2, 10, 0);
INSERT INTO detalle VALUES (10347, 39, 14.4, 50, 0.15);
INSERT INTO detalle VALUES (10347, 40, 14.7, 4, 0);
INSERT INTO detalle VALUES (10347, 75, 6.2, 6, 0.15);
INSERT INTO detalle VALUES (10348, 1, 14.4, 15, 0.15);
INSERT INTO detalle VALUES (10348, 23, 7.2, 25, 0);
INSERT INTO detalle VALUES (10349, 54, 5.9, 24, 0);
INSERT INTO detalle VALUES (10350, 50, 13, 15, 0.1);
INSERT INTO detalle VALUES (10350, 69, 28.8, 18, 0.1);
INSERT INTO detalle VALUES (10351, 38, 210.8, 20, 0.05);
INSERT INTO detalle VALUES (10351, 41, 7.7, 13, 0);
INSERT INTO detalle VALUES (10351, 44, 15.5, 77, 0.05);
INSERT INTO detalle VALUES (10351, 65, 16.8, 10, 0.05);
INSERT INTO detalle VALUES (10352, 24, 3.6, 10, 0);
INSERT INTO detalle VALUES (10352, 54, 5.9, 20, 0.15);
INSERT INTO detalle VALUES (10353, 11, 16.8, 12, 0.2);
INSERT INTO detalle VALUES (10353, 38, 210.8, 50, 0.2);
INSERT INTO detalle VALUES (10354, 1, 14.4, 12, 0);
INSERT INTO detalle VALUES (10354, 29, 99, 4, 0);
INSERT INTO detalle VALUES (10355, 24, 3.6, 25, 0);
INSERT INTO detalle VALUES (10355, 57, 15.6, 25, 0);
INSERT INTO detalle VALUES (10356, 31, 10, 30, 0);
INSERT INTO detalle VALUES (10356, 55, 19.2, 12, 0);
INSERT INTO detalle VALUES (10356, 69, 28.8, 20, 0);
INSERT INTO detalle VALUES (10357, 10, 24.8, 30, 0.2);
INSERT INTO detalle VALUES (10357, 26, 24.9, 16, 0);
INSERT INTO detalle VALUES (10357, 60, 27.2, 8, 0.2);
INSERT INTO detalle VALUES (10358, 24, 3.6, 10, 0.05);
INSERT INTO detalle VALUES (10358, 34, 11.2, 10, 0.05);
INSERT INTO detalle VALUES (10358, 36, 15.2, 20, 0.05);
INSERT INTO detalle VALUES (10359, 16, 13.9, 56, 0.05);
INSERT INTO detalle VALUES (10359, 31, 10, 70, 0.05);
INSERT INTO detalle VALUES (10359, 60, 27.2, 80, 0.05);
INSERT INTO detalle VALUES (10360, 28, 36.4, 30, 0);
INSERT INTO detalle VALUES (10360, 29, 99, 35, 0);
INSERT INTO detalle VALUES (10360, 38, 210.8, 10, 0);
INSERT INTO detalle VALUES (10360, 49, 16, 35, 0);
INSERT INTO detalle VALUES (10360, 54, 5.9, 28, 0);
INSERT INTO detalle VALUES (10361, 39, 14.4, 54, 0.1);
INSERT INTO detalle VALUES (10361, 60, 27.2, 55, 0.1);
INSERT INTO detalle VALUES (10362, 25, 11.2, 50, 0);
INSERT INTO detalle VALUES (10362, 51, 42.4, 20, 0);
INSERT INTO detalle VALUES (10362, 54, 5.9, 24, 0);
INSERT INTO detalle VALUES (10363, 31, 10, 20, 0);
INSERT INTO detalle VALUES (10363, 75, 6.2, 12, 0);
INSERT INTO detalle VALUES (10363, 76, 14.4, 12, 0);
INSERT INTO detalle VALUES (10364, 69, 28.8, 30, 0);
INSERT INTO detalle VALUES (10364, 71, 17.2, 5, 0);
INSERT INTO detalle VALUES (10365, 11, 16.8, 24, 0);
INSERT INTO detalle VALUES (10366, 65, 16.8, 5, 0);
INSERT INTO detalle VALUES (10366, 77, 10.4, 5, 0);
INSERT INTO detalle VALUES (10367, 34, 11.2, 36, 0);
INSERT INTO detalle VALUES (10367, 54, 5.9, 18, 0);
INSERT INTO detalle VALUES (10367, 65, 16.8, 15, 0);
INSERT INTO detalle VALUES (10367, 77, 10.4, 7, 0);
INSERT INTO detalle VALUES (10368, 21, 8, 5, 0.1);
INSERT INTO detalle VALUES (10368, 28, 36.4, 13, 0.1);
INSERT INTO detalle VALUES (10368, 57, 15.6, 25, 0);
INSERT INTO detalle VALUES (10368, 64, 26.6, 35, 0.1);
INSERT INTO detalle VALUES (10369, 29, 99, 20, 0);
INSERT INTO detalle VALUES (10369, 56, 30.4, 18, 0.25);
INSERT INTO detalle VALUES (10370, 1, 14.4, 15, 0.15);
INSERT INTO detalle VALUES (10370, 64, 26.6, 30, 0);
INSERT INTO detalle VALUES (10370, 74, 8, 20, 0.15);
INSERT INTO detalle VALUES (10371, 36, 15.2, 6, 0.2);
INSERT INTO detalle VALUES (10372, 20, 64.8, 12, 0.25);
INSERT INTO detalle VALUES (10372, 38, 210.8, 40, 0.25);
INSERT INTO detalle VALUES (10372, 60, 27.2, 70, 0.25);
INSERT INTO detalle VALUES (10372, 72, 27.8, 42, 0.25);
INSERT INTO detalle VALUES (10373, 58, 10.6, 80, 0.2);
INSERT INTO detalle VALUES (10373, 71, 17.2, 50, 0.2);
INSERT INTO detalle VALUES (10374, 31, 10, 30, 0);
INSERT INTO detalle VALUES (10374, 58, 10.6, 15, 0);
INSERT INTO detalle VALUES (10375, 14, 18.6, 15, 0);
INSERT INTO detalle VALUES (10375, 54, 5.9, 10, 0);
INSERT INTO detalle VALUES (10376, 31, 10, 42, 0.05);
INSERT INTO detalle VALUES (10377, 28, 36.4, 20, 0.15);
INSERT INTO detalle VALUES (10377, 39, 14.4, 20, 0.15);
INSERT INTO detalle VALUES (10378, 71, 17.2, 6, 0);
INSERT INTO detalle VALUES (10379, 41, 7.7, 8, 0.1);
INSERT INTO detalle VALUES (10379, 63, 35.1, 16, 0.1);
INSERT INTO detalle VALUES (10379, 65, 16.8, 20, 0.1);
INSERT INTO detalle VALUES (10380, 30, 20.7, 18, 0.1);
INSERT INTO detalle VALUES (10380, 53, 26.2, 20, 0.1);
INSERT INTO detalle VALUES (10380, 60, 27.2, 6, 0.1);
INSERT INTO detalle VALUES (10380, 70, 12, 30, 0);
INSERT INTO detalle VALUES (10381, 74, 8, 14, 0);
INSERT INTO detalle VALUES (10382, 5, 17, 32, 0);
INSERT INTO detalle VALUES (10382, 18, 50, 9, 0);
INSERT INTO detalle VALUES (10382, 29, 99, 14, 0);
INSERT INTO detalle VALUES (10382, 33, 2, 60, 0);
INSERT INTO detalle VALUES (10382, 74, 8, 50, 0);
INSERT INTO detalle VALUES (10383, 13, 4.8, 20, 0);
INSERT INTO detalle VALUES (10383, 50, 13, 15, 0);
INSERT INTO detalle VALUES (10383, 56, 30.4, 20, 0);
INSERT INTO detalle VALUES (10384, 20, 64.8, 28, 0);
INSERT INTO detalle VALUES (10384, 60, 27.2, 15, 0);
INSERT INTO detalle VALUES (10385, 7, 24, 10, 0.2);
INSERT INTO detalle VALUES (10385, 60, 27.2, 20, 0.2);
INSERT INTO detalle VALUES (10385, 68, 10, 8, 0.2);
INSERT INTO detalle VALUES (10386, 24, 3.6, 15, 0);
INSERT INTO detalle VALUES (10386, 34, 11.2, 10, 0);
INSERT INTO detalle VALUES (10387, 24, 3.6, 15, 0);
INSERT INTO detalle VALUES (10387, 28, 36.4, 6, 0);
INSERT INTO detalle VALUES (10387, 59, 44, 12, 0);
INSERT INTO detalle VALUES (10387, 71, 17.2, 15, 0);
INSERT INTO detalle VALUES (10388, 45, 7.6, 15, 0.2);
INSERT INTO detalle VALUES (10388, 52, 5.6, 20, 0.2);
INSERT INTO detalle VALUES (10388, 53, 26.2, 40, 0);
INSERT INTO detalle VALUES (10389, 10, 24.8, 16, 0);
INSERT INTO detalle VALUES (10389, 55, 19.2, 15, 0);
INSERT INTO detalle VALUES (10389, 62, 39.4, 20, 0);
INSERT INTO detalle VALUES (10389, 70, 12, 30, 0);
INSERT INTO detalle VALUES (10390, 31, 10, 60, 0.1);
INSERT INTO detalle VALUES (10390, 35, 14.4, 40, 0.1);
INSERT INTO detalle VALUES (10390, 46, 9.6, 45, 0);
INSERT INTO detalle VALUES (10390, 72, 27.8, 24, 0.1);
INSERT INTO detalle VALUES (10391, 13, 4.8, 18, 0);
COMMIT;